Title,Rating,Year
Hands,N/A,N/A
Lesbian Western - The Feature,N/A,N/A
Escuadrón Anticorrupción,N/A,N/A
Escuadrón Especial,N/A,N/A
Not Welcome Mexicano Caceria de Ilegales,N/A,N/A
Badang,N/A,N/A
Vixen Highway 2006: It Came from Uranus!,N/A,N/A
Browncoats: Independence War,N/A,N/A
Mstitel chelovechestva,N/A,N/A
Desh Drohi,N/A,N/A
Sadak 2,N/A,N/A
Greyhound Attack,N/A,N/A
Apex,N/A,N/A
Troy: The Resurrection of Aeneas,N/A,N/A
Extraction Point,N/A,N/A
Mantikora,N/A,N/A
Philosophale,N/A,N/A
Frankenpimp,N/A,N/A
Futures Past,N/A,N/A
RoboWoman,N/A,N/A
Captain Battle: Legacy War,N/A,N/A
15/07: Break of Dawn,N/A,N/A
Heist,N/A,N/A
Ram Gopal Varma Ki Aag,N/A,N/A
Rise of the Black Bat,N/A,N/A
Hands,N/A,N/A
Lesbian Western - The Feature,N/A,N/A
Escuadrón Anticorrupción,N/A,N/A
Escuadrón Especial,N/A,N/A
Not Welcome Mexicano Caceria de Ilegales,N/A,N/A
Badang,N/A,N/A
Vixen Highway 2006: It Came from Uranus!,N/A,N/A
Browncoats: Independence War,N/A,N/A
Mstitel chelovechestva,N/A,N/A
Desh Drohi,N/A,N/A
Sadak 2,N/A,N/A
Greyhound Attack,N/A,N/A
Apex,N/A,N/A
Troy: The Resurrection of Aeneas,N/A,N/A
Extraction Point,N/A,N/A
Mantikora,N/A,N/A
Philosophale,N/A,N/A
Frankenpimp,N/A,N/A
Futures Past,N/A,N/A
RoboWoman,N/A,N/A
Captain Battle: Legacy War,N/A,N/A
15/07: Break of Dawn,N/A,N/A
Heist,N/A,N/A
Ram Gopal Varma Ki Aag,N/A,N/A
Rise of the Black Bat,N/A,N/A
Hands,N/A,N/A
Lesbian Western - The Feature,N/A,N/A
Escuadrón Anticorrupción,N/A,N/A
Escuadrón Especial,N/A,N/A
Not Welcome Mexicano Caceria de Ilegales,N/A,N/A
Badang,N/A,N/A
Vixen Highway 2006: It Came from Uranus!,N/A,N/A
Browncoats: Independence War,N/A,N/A
Mstitel chelovechestva,N/A,N/A
Desh Drohi,N/A,N/A
Sadak 2,N/A,N/A
Greyhound Attack,N/A,N/A
Apex,N/A,N/A
Troy: The Resurrection of Aeneas,N/A,N/A
Extraction Point,N/A,N/A
Mantikora,N/A,N/A
Philosophale,N/A,N/A
Frankenpimp,N/A,N/A
Futures Past,N/A,N/A
RoboWoman,N/A,N/A
Captain Battle: Legacy War,N/A,N/A
15/07: Break of Dawn,N/A,N/A
Heist,N/A,N/A
Ram Gopal Varma Ki Aag,N/A,N/A
Rise of the Black Bat,N/A,N/A
